{"_runtime":7957.901729654,"train_epoch/symmetry_weighted":5.103872632080654e-05,"train/masked_token_weighted":0.027912333607673645,"train_epoch/contrastive_raw":0.002569637755303013,"train/masked_token_raw":0.027912333607673645,"train/reduction_weighted":0.00011076778173446655,"train_epoch/total":0.029531913256932604,"train_epoch/contrastive_weighted":0.0005139275583716435,"_timestamp":1.7758547524932847e+09,"train/reduction_raw":0.00011076778173446655,"train/total":0.028302298858761787,"train/symmetry_weighted":5.692243576049805e-06,"train_epoch/symmetry_raw":5.103872632080654e-05,"_wandb":{"runtime":7957},"train_epoch/reduction_raw":0.00043475752856496493,"train_epoch/masked_token_raw":0.02853218945567213,"_step":11900,"train_epoch/masked_token_weighted":0.02853218945567213,"train/contrastive_weighted":0.0002735048474278301,"train/symmetry_raw":5.692243576049805e-06,"train/gpu_mem_gb":47.924494336,"train_epoch/reduction_weighted":0.00043475752856496493,"train/contrastive_raw":0.001367524266242981,"train/lr":1e-06}