{"train/gpu_mem_gb":47.928467968,"train/contrastive_raw":0.03253909945487976,"train/total":2.6106953620910645,"train/symmetry_weighted":0.786376953125,"_timestamp":1.7758467520507922e+09,"train/contrastive_weighted":0.00650781998410821,"train/masked_token_weighted":0.8977665901184082,"train_epoch/symmetry_raw":0.7019624340209322,"_runtime":5192.507058332,"train_epoch/contrastive_weighted":0.019493843633554626,"train_epoch/masked_token_raw":3073.512111309127,"train_epoch/total":3075.2997273131737,"train_epoch/symmetry_weighted":0.7019624340209322,"train/lr":8.229089270144545e-05,"train_epoch/masked_token_weighted":3073.512111309127,"train/symmetry_raw":0.786376953125,"_step":7750,"train_epoch/reduction_raw":1.0661863570943069,"train/masked_token_raw":0.8977665901184082,"train/reduction_raw":0.9200439453125,"_wandb":{"runtime":5192},"train_epoch/contrastive_raw":0.09746921635711218,"train_epoch/reduction_weighted":1.0661863570943069,"train/reduction_weighted":0.9200439453125}