{"train_epoch/masked_token_weighted":0.022836243857117678,"train_epoch/contrastive_raw":0.0007565620110655989,"train/reduction_raw":1.9072265625,"train_epoch/masked_token_raw":0.022836243857117678,"val/symmetry_raw":1.6143717467784882,"val/reduction_raw":1.8680419921875,"train_epoch/symmetry_raw":1.6169083281594923,"train_epoch/symmetry_weighted":0,"train_epoch/contrastive_weighted":0.00015131240390763088,"train_epoch/reduction_raw":1.8705354063189845,"val/reduction_weighted":0,"train_epoch/total":0.022987556273722096,"train/symmetry_raw":1.6318359375,"train/symmetry_weighted":0,"_runtime":8127.732186267,"train/reduction_weighted":0,"_timestamp":1.7758769194239724e+09,"train/lr":1e-06,"val/contrastive_raw":0.0007129983666042486,"train_epoch/reduction_weighted":0,"_wandb":{"runtime":8127},"train/masked_token_weighted":0.027734044939279556,"val/masked_token_weighted":0.02301454613916576,"train/masked_token_raw":0.027734044939279556,"val/contrastive_weighted":0.00014259967512468089,"train/gpu_mem_gb":42.998805504,"val/masked_token_raw":0.02301454613916576,"train/contrastive_raw":0.00026270002126693726,"val/symmetry_weighted":0,"_step":11300,"train/contrastive_weighted":5.2540006436174735e-05,"train/total":0.027786584571003914,"val/total":0.023157145983229082}