{"_step":11300,"train_epoch/total":0.030791725630298354,"val/symmetry_raw":2.4844264037286243,"train/symmetry_weighted":4.306435585021973e-06,"_runtime":7607.056884156,"train/contrastive_raw":0.0011841505765914917,"train_epoch/contrastive_raw":0.0030621609200310236,"train/gpu_mem_gb":46.703559168,"train/lr":1e-06,"train/reduction_weighted":0.0009809285402297974,"train_epoch/masked_token_raw":0.029615005733194467,"val/reduction_weighted":2.903561283213397,"val/reduction_raw":2.903561283213397,"train/masked_token_raw":0.03477182611823082,"train_epoch/contrastive_weighted":0.0006124321942070008,"train_epoch/symmetry_weighted":6.380234793585131e-05,"train/total":0.03599389269948006,"val/masked_token_weighted":0.029692104862382013,"val/total":5.417679820209742,"train/reduction_raw":0.0009809285402297974,"train_epoch/masked_token_weighted":0.029615005733194467,"_timestamp":1.7758652171579869e+09,"_wandb":{"runtime":7607},"train/symmetry_raw":4.306435585021973e-06,"train/contrastive_weighted":0.00023683012113906443,"val/symmetry_weighted":2.4844264037286243,"train_epoch/reduction_raw":0.0005004854325953435,"train_epoch/symmetry_raw":6.380234793585131e-05,"train_epoch/reduction_weighted":0.0005004854325953435,"val/masked_token_raw":0.029692104862382013,"train/masked_token_weighted":0.03477182611823082}