{"train/masked_token":0.4252896308898926,"_wandb":{"runtime":22166},"train/inpainting":0.47572654485702515,"train/reduction":1.3450927734375,"_runtime":22166.271511184,"train/contrastive":0.014806628227233887,"train/gpu_mem_gb":47.934598144,"train/total":2.9182257652282715,"train/lr":1e-06,"_timestamp":1.7758248838622267e+09,"_step":11900,"train/symmetry":0.9070186614990234}