{"train_epoch/contrastive_weighted":0.2371970321241165,"train/inpainting_raw":14045.42578125,"train/reduction_raw":1.0343017578125,"train/gpu_mem_gb":47.934600704,"_step":700,"train_epoch/reduction_raw":1.2876927277826913,"_wandb":{"runtime":1285},"train/inpainting_weighted":7022.712890625,"train/symmetry_weighted":0.7200393676757812,"train_epoch/masked_token_raw":13293.27718070968,"train/symmetry_raw":0.7200393676757812,"train/masked_token_raw":4262.017578125,"train/reduction_weighted":1.0343017578125,"train_epoch/total":24235.215699169872,"_runtime":1285.823316942,"train_epoch/reduction_weighted":1.2876927277826913,"train_epoch/inpainting_raw":21879.031589084203,"train_epoch/inpainting_weighted":10939.515794542102,"train_epoch/contrastive_raw":1.1859851433296125,"train/contrastive_raw":0.2287445068359375,"_timestamp":1.7758401883376012e+09,"train/total":11286.5302734375,"train_epoch/symmetry_weighted":0.898432997537609,"train/lr":0.00029814691676036576,"train_epoch/masked_token_weighted":13293.27718070968,"train/contrastive_weighted":0.04574890062212944,"train/masked_token_weighted":4262.017578125,"train_epoch/symmetry_raw":0.898432997537609}